{"cameraMode":{"drawMode":31,"name":"Sprite Mask","section":"Miscellaneous"},"sceneLighting":true,"audioPlay":false,"sceneViewState":{"showFog":true,"showMaterialUpdate":false,"showSkybox":true,"showFlares":true,"showImageEffects":true,"showParticleSystems":true},"in2DMode":false,"pivot":{"x":0.8777282238006592,"y":9.679801940917969,"z":-1.089478611946106},"rotation":{"x":0.6888479590415955,"y":-0.0010867607779800892,"z":0.0010329312644898892,"w":0.7249042987823486},"size":12.008044242858887,"orthographic":false}